date,score_mean,locked_n_false,is_submitter,n_comments,daily_weight,Abnormal return,Close,Volume,total_awards_received_mean,total_awards_received_median,total_awards_received_min,total_awards_received_max
10/1/2020,0.916949222,40960.6071,40332.6071,40962,0.006950566,9.5,9.77,4554055,0.003686343,0,0,7
10/2/2020,1.07839207,55242.6071,54490.6071,55244,0.009373982,9.09,9.39,4340484,0.00251611,0,0,10
10/5/2020,1.32307816,54645.6071,54001.6071,54647,0.009272681,9.19,9.46,2804969,0.005617875,0,0,4
10/6/2020,0.95382407,47572.6071,46691.6071,47574,0.008072511,8.89,9.13,4535421,0.003258082,0,0,3
10/7/2020,0.77811805,44286.6071,43397.6071,44288,0.007514932,9.09,9.36,3308644,0.003680455,0,0,3
10/8/2020,0.534970625,37347.6071,36535.6071,37349,0.0063375,13.22,13.49,76453557,0.002249056,0,0,4
10/9/2020,0.787846212,24906.6071,24397.6071,24908,0.004226471,11.78,12.02,77152780,0.004335956,0,0,3
10/12/2020,0.676942411,45000.6071,43772.6071,45002,0.007636086,11.53,11.8,23655701,0.001844362,0,0,3
10/13/2020,0.649657802,48075.6071,46931.6071,48077,0.008157862,11.61,11.88,10179708,0.002911995,0,0,2
10/14/2020,0.678944969,45917.6071,44839.6071,45919,0.007791686,11.98,12.25,10776762,0.002025305,0,0,3
10/15/2020,0.608356995,49364.6071,48326.6071,49366,0.008376584,13.56,13.83,39894822,0.00180286,0,0,3
10/16/2020,0.406197961,38753.6071,37746.6071,38755,0.006576075,13.07,13.31,11651578,0.002580312,0,0,3
10/19/2020,-0.168945916,11746.6071,11505.6071,11748,0.001993439,13.7,13.91,13169073,0.000170242,0,0,1
10/20/2020,0.741836179,49792.6071,48616.6071,49794,0.008449208,13.62,13.86,6603951,0.007952765,0,0,6
10/21/2020,0.904047087,50162.6071,49059.6071,50164,0.008511991,13.89,14.1,5361928,0.005023523,0,0,10
10/22/2020,0.516510247,32275.6071,31193.6071,32277,0.005476867,14.7,14.91,16212232,0.005452799,0,0,3
10/23/2020,0.432943013,14904.6071,14351.6071,14906,0.002529299,14.79,15,6507324,0.006977056,0,0,4
10/26/2020,0.791830013,40506.6071,39314.6071,40508,0.00687353,13.3,13.45,13376269,0.001925546,0,0,3
10/27/2020,0.66844564,52684.6071,51480.6071,52686,0.008939932,12.54,12.69,7231006,0.002334586,0,0,2
10/28/2020,0.863595079,51738.6071,50490.6071,51740,0.008779412,11.67,11.82,6388580,0.001855431,0,0,2
10/29/2020,0.604934079,22610.6071,22026.6071,22612,0.003836878,11.52,11.73,4165843,0.006854767,0,0,4
10/30/2020,-0.249690088,19089.6071,18534.6071,19091,0.003239423,10.29,10.47,11562367,0.000890472,0,0,2
11/2/2020,2.93801048,22826.6071,22038.6071,22828,0.003873529,10.63,10.75,5227011,0.004599615,0,0,5
11/3/2020,0.926618109,43811.6071,43170.6071,43813,0.007434333,11.48,11.57,7454472,0.001278159,0,0,3
11/4/2020,1.309616183,26796.6071,26200.6071,26798,0.004547172,10.82,10.91,5807871,0.003656989,0,0,3
11/5/2020,1.229348689,26248.6071,25652.6071,26250,0.004454186,11.39,11.45,4705245,0.004304762,0,0,5
11/6/2020,0.544686067,63236.6071,61488.6071,63238,0.01073043,11.74,11.86,5518243,0.001075303,0,0,3
11/9/2020,0.929614813,59304.6071,57721.6071,59306,0.010063235,11.37,11.49,6244865,0.005429468,0,0,6
11/10/2020,0.556284201,42110.6071,41065.6071,42112,0.007145701,10.95,11.1,3825963,0.00187595,0,0,3
11/11/2020,0.889166524,50660.6071,49447.6071,50662,0.008596493,11.6,11.75,4882569,0.00191465,0,0,3
11/12/2020,0.112386979,21281.6071,20410.6071,21283,0.003611369,11.04,11.13,4355892,0.004745572,0,0,3
11/13/2020,3.06695432,28618.6071,27820.6071,28620,0.004856335,10.92,11.01,3546171,0.007826695,0,0,4
11/16/2020,3.201648348,58831.6071,57067.6071,58833,0.009982975,11.97,12.06,9774824,0.004606258,0,0,7
11/17/2020,3.259360861,55689.6071,54028.6071,55691,0.00944983,11.54,11.63,6678176,0.005315042,0,0,61
11/18/2020,0.774628029,39132.6071,38438.6071,39134,0.006640385,11.48,11.57,3169222,0.001942045,0,0,4
11/19/2020,1.942849136,46518.6071,44973.6071,46520,0.007893665,12.37,12.46,11787613,0.004256234,0,0,5
11/20/2020,2.317376568,28746.6071,27871.6071,28748,0.004878054,12.62,12.71,8402347,0.006052595,0,0,3
11/23/2020,0.731178773,89313.6071,85956.6071,89315,0.01515526,13.81,13.9,9607973,0.003190953,0,0,6
11/24/2020,0.125643746,53658.6071,50711.6071,53660,0.009105204,13.55,13.67,7130536,0.001695863,0,0,3
11/25/2020,0.074580794,82485.6071,78638.6071,82487,0.013996663,14.63,14.75,8860092,0.001006219,0,0,4
11/27/2020,1.271056249,42654.20056,40558.22107,42658,0.007238349,15.99,16.08,12504197,0.00529593,0,0,4
11/30/2020,1.35470757,22768.6071,22193.6071,22770,0.003863688,16.44,16.56,31983498,0.003952569,0,0,3
12/1/2020,0.90002372,27367.6071,26487.6071,27369,0.004644061,15.68,15.8,12260810,0.003982608,0,0,3
12/2/2020,0.679083184,72905.6071,71116.6071,72907,0.012371097,16.49,16.58,7883380,0.004649759,0,0,3
12/3/2020,1.134464766,58360.6071,56334.6071,58362,0.009903054,16,16.12,6294965,0.006065591,0,0,6
12/4/2020,0.849585321,69685.6071,67971.6071,69687,0.011824717,16.63,16.9,8972672,0.001951584,0,0,4
12/7/2020,0.68273342,36054.6071,35441.6071,36056,0.0061181,16.05,16.35,7386258,0.003134014,0,0,10
12/8/2020,0.968385524,47270.6071,46645.6071,47273,0.008021437,16.67,16.94,16120163,0.004442282,0,0,13
12/9/2020,0.954123795,44972.6071,44362.6071,44974,0.007631335,13.42,13.66,24357944,0.002757149,0,0,2
12/10/2020,1.121580976,33838.6071,32836.6071,33840,0.005742082,13.88,14.12,7558922,0.005289598,0,0,15
12/11/2020,0.719400172,58921.6071,57529.6071,58923,0.009998247,13.04,13.31,7496868,0.001883814,0,0,7
12/14/2020,2.426292317,61599.6071,59723.6071,61601,0.010452659,12.42,12.72,10007092,0.010145939,0,0,14
12/15/2020,2.506855007,60958.6071,59329.6071,60960,0.010343892,13.58,13.85,8192856,0.007398294,0,0,4
12/16/2020,3.405161329,30002.6071,29076.6071,30004,0.005091177,13.55,13.85,5865123,0.006765765,0,0,6
12/17/2020,0.932042477,77652.6071,75302.6071,77654,0.013176584,14.53,14.83,8194902,0.002356608,0,0,4
12/18/2020,3.639889536,41476.6071,40387.6071,41478,0.007038122,15.36,15.63,16618776,0.012126911,0,0,86
12/21/2020,-0.389777612,48375.6071,46781.6071,48377,0.008208767,15.26,15.53,9876128,0,0,0,0
12/22/2020,-0.391560856,26155.6071,24810.6071,26157,0.004438405,19.22,19.46,30687718,0,0,0,0
12/23/2020,-0.398651072,25206.6071,24085.6071,25208,0.004277376,20.33,20.57,25830256,0,0,0,0
12/24/2020,0.597789894,39413.6071,37883.6071,39415,0.006688066,19.88,20.15,6262174,0.007459089,0,0,5
12/28/2020,0.570514775,52504.6071,51085.6071,52506,0.008909389,20.75,20.99,8924279,0.020454805,0,0,6
12/29/2020,0.07853878,51587.6071,50219.6071,51589,0.00875379,19.14,19.38,9241441,0.013685088,0,0,10
12/30/2020,1.154532263,32698.6071,31342.6071,32700,0.005548643,19.02,19.26,5934391,0.002568807,0,0,4
12/31/2020,0.955921429,34500.6071,33493.6071,34502,0.005854412,18.63,18.84,6922652,0.003101269,0,0,2
1/4/2021,3.917066946,37215.6071,36103.6071,37217,0.006315102,17.01,17.25,10022474,0.009565521,0,0,10
1/5/2021,8.19181107,99998.6071,99467.6071,100000,0.016968326,17.13,17.37,4961457,0.00933,0,0,28
1/6/2021,2.42127107,99998.6071,98822.6071,100000,0.016968326,18.09,18.36,6056248,0.00417,0,0,9
1/7/2021,1.70917107,99998.6071,98805.6071,100000,0.016968326,17.81,18.08,6129276,0.00491,0,0,30
1/8/2021,0.22754107,99998.6071,97940.6071,100000,0.016968326,17.45,17.69,6481960,0.00301,0,0,5
1/11/2021,4.47727107,99998.6071,97140.6071,100000,0.016968326,19.67,19.94,14927612,0.00586,0,0,11
1/12/2021,4.44570107,99998.6071,97216.6071,100000,0.016968326,19.65,19.95,6999775,0.00584,0,0,33
1/13/2021,5.04223765,41146.6071,39594.6071,41148,0.006982127,31.1,31.4,143530129,0.017838048,0,0,5
1/14/2021,6.302425915,43034.6071,41246.6071,43036,0.007302489,39.64,39.91,93717410,0.017264616,0,0,20
1/15/2021,,66857.6071,64823.6071,118.2542,2.00658E-05,35.2,35.5,46866358,0.015330771,0,0,66475
1/20/2021,6.808486462,81419.6071,78983.6071,81421,0.013815781,39.06,39.36,74721924,0.011016814,0,0,20
1/21/2021,11.31262254,9778.607101,9535.607101,9780,0.001659502,38.85,39.12,33471789,0.012883436,0,0,9
1/22/2021,6.13610107,99998.6071,98639.6071,100000,0.016968326,42.79,43.03,57079754,0.00903,0,0,240
1/25/2021,1.100303932,32291.6071,31560.6071,32293,0.005479582,64.8,65.01,194084194,0.016381259,0,0,4
1/26/2021,10.08903107,99998.6071,97766.6071,100000,0.016968326,76.55,76.79,177874000,0.01221,0,0,23
1/27/2021,9.94388107,99998.6071,97921.6071,100000,0.016968326,147.71,147.98,161894423,0.01265,0,0,92
1/28/2021,0.986755194,60482.6071,59119.6071,60484,0.010263122,347.27,347.51,90516825,0.006447986,0,0,13
1/29/2021,1.215659207,65129.6071,64068.6071,65131,0.01105164,193.36,193.6,58815805,0.007907141,0,0,8
1/30/2021,3.382305374,73051.6071,71678.6071,73053,0.012395871,324.79,325,49414294,0.011539567,0,0,13
1/31/2021,3.257416102,75545.6071,74220.6071,75548,0.012819231,224.73,225,37382152,0.00810081,0,0,16
2/1/2021,1.447796701,49507.6071,48065.6071,49509,0.008400849,89.76,90,76663691,0.006079703,0,0,6
2/2/2021,6.45573107,99998.6071,98484.6071,100000,0.016968326,92.2,92.41,42698511,0.01085,0,0,14
2/3/2021,-0.392168274,56112.6071,54447.6071,56114,0.009521606,53.29,53.5,62427275,0,0,0,0
2/4/2021,0.519470514,57923.6071,56129.6071,57925,0.009828903,63.53,63.77,81345013,0.003918861,0,0,6
2/5/2021,2.29661107,99998.6071,98614.6071,100000,0.016968326,59.79,60,25687282,0.00765,0,0,6
2/8/2021,2.38357107,99998.6071,97029.6071,100000,0.016968326,50.04,50.31,25598598,0.00416,0,0,5
2/9/2021,0.422591501,16718.6071,16288.6071,16720,0.002837104,50.96,51.2,35943280,0.016327751,0,0,6
2/10/2021,-0.160434325,67875.6071,66401.6071,67877,0.011517591,50.89,51.1,13056725,0.002460333,0,0,5
2/11/2021,-0.116893056,34048.6071,33416.6071,34050,0.005777715,52.19,52.4,14573264,0.000675477,0,0,1
2/12/2021,0.958264202,75097.6071,73567.6071,75099,0.012743043,49.27,49.51,8175030,0.005499407,0,0,7
2/16/2021,-0.390322076,66358.6071,64396.6071,66360,0.011260181,45.73,45.94,9147635,1.51E-05,0,0,1
2/17/2021,-0.020576967,66838.6071,64773.6071,66840,0.011341629,40.48,40.69,23990555,0.002244165,0,0,3
2/18/2021,1.54665107,99998.6071,98089.6071,100000,0.016968326,40.35,40.59,14828238,0.00414,0,0,4
2/19/2021,6.38976107,99998.6071,98355.6071,100000,0.016968326,45.76,46,18864590,0.01016,0,0,38
2/23/2021,-0.16624456,21683.6071,21176.6071,21685,0.003679581,44.73,44.97,7565215,0.000415033,0,0,1
2/24/2021,0.97190107,99998.6071,98189.6071,100000,0.016968326,91.47,91.71,48556520,0.00386,0,0,5
2/25/2021,1.09458107,99998.6071,98649.6071,100000,0.016968326,108.52,108.73,145443658,0.00309,0,0,7
2/26/2021,2.28665107,99998.6071,98511.6071,100000,0.016968326,101.53,101.74,90842694,0.00344,0,0,16
3/1/2021,-0.384881025,40657.6071,39691.6071,40659,0.006899152,120.13,120.4,49793965,0.000196758,0,0,2
3/2/2021,2.63524107,99998.6071,99060.6071,100000,0.016968326,117.91,118.18,33783044,0.02816,0,0,23
3/3/2021,1.319096009,72712.6071,71770.6071,72714,0.012338349,123.94,124.18,19273882,0.030558077,0,0,6
3/4/2021,1.466660755,79441.6071,78321.6071,79443,0.013480147,132.17,132.35,32606893,0.021373815,0,0,12
3/5/2021,1.607734853,55222.6071,54586.6071,55224,0.009370588,137.5,137.74,30733673,0.006337824,0,0,5
